feature,mean_abs_shap
categorical__diag_1_V58,0.6304307
categorical__medical_specialty_Otolaryngology,0.33250606
categorical__diag_1_V55,0.3040292
categorical__diag_3_250.6,0.29175624
categorical__diag_1_443,0.25912365
categorical__medical_specialty_Pediatrics-Endocrinology,0.2570551
numeric__number_inpatient,0.24630302
categorical__diag_1_250.41,0.21866883
categorical__diag_2_272,0.20976852
categorical__diag_1_386,0.19038418
categorical__diag_2_507,0.1884784
categorical__diag_3_581,0.17928131
categorical__diag_1_250.6,0.16752695
categorical__diag_3_553,0.16632967
numeric__discharge_disposition_id,0.15168755
categorical__diag_2_250.41,0.14675893
categorical__diag_2_V43,0.14042833
categorical__medical_specialty_Orthopedics-Reconstructive,0.14039601
categorical__medical_specialty_ObstetricsandGynecology,0.13247786
categorical__diag_1_440,0.12349555
categorical__diag_1_566,0.112676114
categorical__diag_1_786,0.10167096
categorical__diag_1_218,0.10067376
categorical__payer_code_WC,0.09343089
categorical__diag_2_719,0.093246534
categorical__diag_3_V10,0.08724905
categorical__diag_1_569,0.084928766
categorical__diag_1_540,0.084208444
categorical__diag_1_250.2,0.08107196
categorical__diag_2_401,0.07768335
categorical__diag_2_250,0.07407918
categorical__diag_1_434,0.06898636
categorical__diag_1_787,0.06876068
categorical__diag_3_789,0.06836598
categorical__diag_3_536,0.06800935
categorical__diag_3_V64,0.06742225
categorical__glyburide_Steady,0.06697759
categorical__diag_3_250.92,0.06597887
categorical__diag_3_278,0.06473124
categorical__medical_specialty_Emergency/Trauma,0.062151544
categorical__diag_1_722,0.061330676
categorical__diag_1_250.02,0.05838899
categorical__diag_3_250,0.05717653
categorical__diag_2_198,0.056599088
categorical__diag_3_401,0.055360373
numeric__admission_source_id,0.05507727
categorical__diag_1_346,0.054262184
categorical__diag_2_648,0.053381994
categorical__diag_3_250.42,0.05285138
numeric__num_lab_procedures,0.052340493
categorical__diag_2_412,0.05229263
categorical__age_[10-20),0.051716067
categorical__diag_2_285,0.050369225
categorical__diag_1_682,0.050334312
categorical__diag_2_682,0.05012413
categorical__age_[50-60),0.05011255
categorical__diag_1_403,0.049360618
categorical__diag_3_455,0.049200673
categorical__diag_1_726,0.048651632
categorical__diag_2_342,0.048453234
numeric__time_in_hospital,0.046588782
categorical__age_[0-10),0.044156656
categorical__medical_specialty_Neurology,0.043556426
categorical__diag_2_496,0.043405812
categorical__diag_1_486,0.042966105
categorical__diag_2_428,0.04290633
categorical__diag_2_782,0.042236872
categorical__diabetesMed_No,0.040985055
categorical__diag_1_998,0.04071733
numeric__number_outpatient,0.04062672
categorical__diag_1_518,0.039333284
categorical__diag_1_428,0.03927695
categorical__diag_1_481,0.03833167
categorical__diag_1_590,0.0357121
categorical__diag_2_250.6,0.03514692
categorical__diag_1_250.7,0.0349092
categorical__diag_1_997,0.03375644
categorical__diag_3_403,0.033723522
categorical__diag_3_402,0.033562735
categorical__diag_1_435,0.033369627
numeric__number_diagnoses,0.03328846
categorical__diag_2_465,0.03265588
categorical__glimepiride_Steady,0.031784676
categorical__diag_2_295,0.031688407
categorical__diag_1_458,0.030817395
categorical__diag_1_38,0.030529957
categorical__age_[60-70),0.030164823
categorical__diag_2_599,0.029767968
categorical__diag_1_287,0.029475775
categorical__metformin_Up,0.029377865
categorical__diag_3_428,0.02863658
numeric__num_medications,0.027901668
categorical__diag_1_427,0.027805546
categorical__diag_1_239,0.026590576
categorical__diag_3_492,0.026449647
numeric__num_procedures,0.026171034
categorical__diag_2_403,0.026156167
categorical__diag_2_728,0.026033174
categorical__diag_1_723,0.025193483
categorical__diag_3_785,0.02451644
categorical__medical_specialty_Pediatrics-CriticalCare,0.023378618
categorical__diag_3_250.02,0.022860676
categorical__insulin_Down,0.022813752
categorical__glipizide_Up,0.022281425
categorical__diag_3_453,0.022173958
numeric__admission_type_id,0.021492844
categorical__diag_3_357,0.021418164
categorical__diag_3_41,0.02129848
categorical__diag_2_250.02,0.020118207
categorical__diag_1_490,0.020092726
categorical__metformin_Steady,0.019405095
categorical__diag_3_276,0.01874252
categorical__payer_code_CP,0.01871191
categorical__payer_code_BC,0.018242665
categorical__change_Ch,0.018216953
categorical__diag_1_553,0.017205752
categorical__diag_2_518,0.016671887
categorical__diag_1_410,0.016476082
categorical__insulin_No,0.016323218
categorical__diag_3_272,0.01615693
categorical__diag_2_440,0.015854966
categorical__diag_2_278,0.015805237
categorical__diag_1_204,0.015519612
categorical__diag_3_413,0.015311732
categorical__diag_2_780,0.015185075
categorical__diag_1_715,0.01509854
categorical__diag_3_780,0.014484365
categorical__pioglitazone_Steady,0.014096736
categorical__payer_code_OT,0.013960873
categorical__diag_3_424,0.013951244
categorical__diag_2_781,0.013919863
categorical__diag_2_202,0.013665179
categorical__diag_3_458,0.013578059
categorical__diag_3_491,0.013274662
categorical__repaglinide_Steady,0.01322747
categorical__age_[40-50),0.0132209705
categorical__age_[70-80),0.013187076
categorical__diag_3_V12,0.013024016
categorical__diag_2_574,0.012947112
categorical__diag_1_593,0.01287745
categorical__diag_1_415,0.012672977
categorical__diag_1_493,0.012469958
categorical__age_[20-30),0.01242949
categorical__medical_specialty_Family/GeneralPractice,0.011458827
categorical__medical_specialty_InternalMedicine,0.011408593
categorical__diag_2_413,0.011027468
categorical__glyburide_No,0.010783659
categorical__diag_3_255,0.010669752
categorical__diag_1_250.03,0.010046004
categorical__medical_specialty_Nephrology,0.009960457
categorical__diag_3_585,0.009922422
categorical__diag_3_414,0.009805831
categorical__payer_code_HM,0.009755792
categorical__payer_code_PO,0.009266802
categorical__diag_2_585,0.008788323
categorical__medical_specialty_Surgery-Vascular,0.008779048
categorical__diag_1_780,0.008542267
categorical__diag_1_571,0.008399657
categorical__diag_3_397,0.008270728
categorical__gender_Female,0.008135967
categorical__age_[80-90),0.007478945
categorical__medical_specialty_Cardiology,0.0073353765
categorical__rosiglitazone_Steady,0.0073353695
categorical__diag_2_305,0.0069691488
numeric__number_emergency,0.006920147
categorical__diag_3_250.7,0.0067045703
categorical__medical_specialty_Surgery-General,0.0066033374
categorical__diag_3_197,0.0064830463
categorical__diag_3_305,0.0062727355
categorical__age_[90-100),0.0059262062
categorical__medical_specialty_Oncology,0.005688755
categorical__diag_2_414,0.005543953
categorical__diag_3_518,0.0053449436
categorical__A1Cresult_>8,0.005152371
categorical__diag_2_250.01,0.005116794
categorical__glipizide_No,0.0049988176
categorical__diag_3_244,0.004878429
categorical__glipizide_Steady,0.004522528
categorical__payer_code_MC,0.004519498
categorical__diag_3_530,0.0045108595
categorical__diag_2_996,0.0043399674
categorical__age_[30-40),0.0040268386
categorical__metformin_No,0.0039341543
categorical__diag_1_511,0.0038176854
categorical__diag_3_V45,0.003629923
categorical__pioglitazone_Up,0.003367391
categorical__payer_code_UN,0.0033558107
categorical__diag_2_276,0.003337288
categorical__diag_2_486,0.0032737236
categorical__diag_2_571,0.0029925907
categorical__glimepiride_Down,0.0028858574
categorical__race_AfricanAmerican,0.0028271887
categorical__diag_1_404,0.0027882971
categorical__payer_code_MD,0.002776061
categorical__race_Caucasian,0.002679764
categorical__diag_2_427,0.0026365612
categorical__A1Cresult_Norm,0.0026195892
categorical__insulin_Steady,0.002532098
categorical__diag_1_724,0.0024561405
categorical__insulin_Up,0.002369263
categorical__rosiglitazone_No,0.0023680518
categorical__diag_1_592,0.0022598002
categorical__payer_code_SP,0.0019954992
categorical__diag_1_535,0.0015928206
categorical__diag_1_414,0.0014284188
categorical__diag_1_599,0.0010795011
categorical__diag_1_276,0.0009793943
categorical__pioglitazone_No,0.0008717552
categorical__diag_2_707,0.0007321954
categorical__payer_code_CM,0.00069658237
categorical__glimepiride_No,0.0005576008
categorical__diag_3_496,0.0004802221
categorical__diag_1_219,0.0
categorical__diag_1_217,0.0
categorical__diag_1_216,0.0
categorical__diag_1_215,0.0
categorical__diag_1_214,0.0
categorical__diag_1_212,0.0
categorical__diag_1_211,0.0
categorical__diag_1_210,0.0
categorical__diag_1_208,0.0
categorical__diag_1_250.1,0.0
categorical__diag_1_250.01,0.0
categorical__diag_1_250,0.0
categorical__diag_1_246,0.0
categorical__diag_1_245,0.0
categorical__diag_1_244,0.0
categorical__diag_1_242,0.0
categorical__diag_1_241,0.0
categorical__diag_1_240,0.0
categorical__diag_1_238,0.0
categorical__diag_1_237,0.0
categorical__diag_1_236,0.0
categorical__diag_1_235,0.0
categorical__diag_1_233,0.0
categorical__diag_1_230,0.0
categorical__diag_1_23,0.0
categorical__diag_1_250.52,0.0
categorical__diag_1_250.51,0.0
categorical__diag_1_250.5,0.0
categorical__diag_1_250.43,0.0
categorical__diag_1_250.42,0.0
categorical__diag_1_250.4,0.0
categorical__diag_1_250.33,0.0
categorical__diag_1_250.32,0.0
categorical__diag_1_250.31,0.0
categorical__diag_1_250.3,0.0
categorical__diag_1_250.23,0.0
categorical__diag_1_250.22,0.0
categorical__diag_1_250.21,0.0
categorical__diag_1_250.13,0.0
categorical__diag_1_250.12,0.0
categorical__diag_1_250.11,0.0
categorical__diag_1_196,0.0
categorical__diag_1_195,0.0
categorical__diag_1_194,0.0
categorical__diag_1_193,0.0
categorical__diag_1_192,0.0
categorical__diag_1_191,0.0
categorical__diag_1_189,0.0
categorical__diag_1_188,0.0
categorical__diag_1_187,0.0
categorical__diag_1_185,0.0
categorical__diag_1_184,0.0
categorical__diag_1_183,0.0
categorical__diag_1_182,0.0
categorical__diag_1_180,0.0
categorical__diag_1_179,0.0
categorical__diag_1_175,0.0
categorical__diag_1_263,0.0
categorical__diag_1_262,0.0
categorical__diag_1_261,0.0
categorical__diag_1_255,0.0
categorical__diag_1_253,0.0
categorical__diag_1_252,0.0
categorical__diag_1_251,0.0
categorical__diag_1_250.93,0.0
categorical__diag_1_250.92,0.0
categorical__diag_1_250.91,0.0
categorical__diag_1_250.9,0.0
categorical__diag_1_250.83,0.0
categorical__diag_1_250.82,0.0
categorical__diag_1_250.81,0.0
categorical__diag_1_250.8,0.0
categorical__diag_1_250.53,0.0
categorical__diag_1_284,0.0
categorical__diag_1_283,0.0
categorical__diag_1_282,0.0
categorical__diag_1_281,0.0
categorical__diag_1_280,0.0
categorical__diag_1_279,0.0
categorical__diag_1_278,0.0
categorical__diag_1_277,0.0
categorical__diag_1_275,0.0
categorical__diag_1_274,0.0
categorical__diag_1_273,0.0
categorical__diag_1_272,0.0
categorical__diag_1_271,0.0
categorical__diag_1_27,0.0
categorical__diag_1_266,0.0
categorical__diag_1_301,0.0
categorical__diag_1_300,0.0
categorical__diag_1_3,0.0
categorical__diag_1_298,0.0
categorical__diag_1_297,0.0
categorical__diag_1_296,0.0
categorical__diag_1_295,0.0
categorical__diag_1_294,0.0
categorical__diag_1_293,0.0
categorical__diag_1_292,0.0
categorical__diag_1_291,0.0
categorical__diag_1_290,0.0
categorical__diag_1_289,0.0
categorical__diag_1_288,0.0
categorical__diag_1_286,0.0
categorical__diag_1_285,0.0
categorical__diag_1_324,0.0
categorical__diag_1_323,0.0
categorical__diag_1_320,0.0
categorical__diag_1_318,0.0
categorical__diag_1_314,0.0
categorical__diag_1_312,0.0
categorical__diag_1_311,0.0
categorical__diag_1_310,0.0
categorical__diag_1_31,0.0
categorical__diag_1_309,0.0
categorical__diag_1_308,0.0
categorical__diag_1_307,0.0
categorical__diag_1_306,0.0
categorical__diag_1_305,0.0
categorical__diag_1_304,0.0
categorical__diag_1_303,0.0
categorical__diag_1_347,0.0
categorical__diag_1_345,0.0
categorical__diag_1_344,0.0
categorical__diag_1_342,0.0
categorical__diag_1_341,0.0
categorical__diag_1_340,0.0
categorical__diag_1_34,0.0
categorical__diag_1_338,0.0
categorical__diag_1_337,0.0
categorical__diag_1_336,0.0
categorical__diag_1_335,0.0
categorical__diag_1_333,0.0
categorical__diag_1_332,0.0
categorical__diag_1_331,0.0
categorical__diag_1_327,0.0
categorical__diag_1_325,0.0
categorical__diag_1_361,0.0
categorical__diag_1_360,0.0
categorical__diag_1_36,0.0
categorical__diag_1_359,0.0
categorical__diag_1_358,0.0
categorical__diag_1_357,0.0
categorical__diag_1_356,0.0
categorical__diag_1_355,0.0
categorical__diag_1_354,0.0
categorical__diag_1_353,0.0
categorical__diag_1_352,0.0
categorical__diag_1_351,0.0
categorical__diag_1_350,0.0
categorical__diag_1_35,0.0
categorical__diag_1_349,0.0
categorical__diag_1_348,0.0
categorical__diag_1_382,0.0
categorical__diag_1_381,0.0
categorical__diag_1_380,0.0
categorical__diag_1_379,0.0
categorical__diag_1_378,0.0
categorical__diag_1_377,0.0
categorical__diag_1_376,0.0
categorical__diag_1_375,0.0
categorical__diag_1_374,0.0
categorical__diag_1_372,0.0
categorical__diag_1_370,0.0
categorical__diag_1_369,0.0
categorical__diag_1_368,0.0
categorical__diag_1_365,0.0
categorical__diag_1_363,0.0
categorical__diag_1_362,0.0
categorical__diag_1_41,0.0
categorical__diag_1_405,0.0
categorical__diag_1_402,0.0
categorical__diag_1_401,0.0
categorical__diag_1_398,0.0
categorical__diag_1_397,0.0
categorical__diag_1_396,0.0
categorical__diag_1_395,0.0
categorical__diag_1_394,0.0
categorical__diag_1_39,0.0
categorical__diag_1_389,0.0
categorical__diag_1_388,0.0
categorical__diag_1_385,0.0
categorical__diag_1_384,0.0
categorical__diag_1_383,0.0
categorical__diag_1_430,0.0
categorical__diag_1_429,0.0
categorical__diag_1_426,0.0
categorical__diag_1_425,0.0
categorical__diag_1_424,0.0
categorical__diag_1_423,0.0
categorical__diag_1_422,0.0
categorical__diag_1_421,0.0
categorical__diag_1_420,0.0
categorical__diag_1_42,0.0
categorical__diag_1_417,0.0
categorical__diag_1_416,0.0
categorical__diag_1_413,0.0
categorical__diag_1_412,0.0
categorical__diag_1_411,0.0
categorical__diag_1_453,0.0
categorical__diag_1_452,0.0
categorical__diag_1_451,0.0
categorical__diag_1_448,0.0
categorical__diag_1_447,0.0
categorical__diag_1_446,0.0
categorical__diag_1_445,0.0
categorical__diag_1_444,0.0
categorical__diag_1_442,0.0
categorical__diag_1_441,0.0
categorical__diag_1_438,0.0
categorical__diag_1_437,0.0
categorical__diag_1_436,0.0
categorical__diag_1_433,0.0
categorical__diag_1_432,0.0
categorical__diag_1_431,0.0
categorical__diag_1_474,0.0
categorical__diag_1_473,0.0
categorical__diag_1_471,0.0
categorical__diag_1_470,0.0
categorical__diag_1_47,0.0
categorical__diag_1_466,0.0
categorical__diag_1_465,0.0
categorical__diag_1_464,0.0
categorical__diag_1_463,0.0
categorical__diag_1_462,0.0
categorical__diag_1_461,0.0
categorical__diag_1_459,0.0
categorical__diag_1_457,0.0
categorical__diag_1_456,0.0
categorical__diag_1_455,0.0
categorical__diag_1_454,0.0
categorical__diag_1_174,0.0
categorical__diag_1_173,0.0
categorical__diag_1_172,0.0
categorical__diag_1_171,0.0
categorical__diag_1_170,0.0
categorical__diag_1_164,0.0
categorical__diag_1_163,0.0
categorical__diag_1_162,0.0
categorical__diag_1_161,0.0
categorical__diag_1_160,0.0
categorical__diag_1_158,0.0
categorical__diag_1_157,0.0
categorical__diag_1_156,0.0
categorical__diag_1_155,0.0
categorical__diag_1_154,0.0
categorical__diag_1_153,0.0
categorical__diag_1_5,0.0
categorical__diag_1_496,0.0
categorical__diag_1_495,0.0
categorical__diag_1_494,0.0
categorical__diag_1_492,0.0
categorical__diag_1_491,0.0
categorical__diag_1_49,0.0
categorical__diag_1_487,0.0
categorical__diag_1_485,0.0
categorical__diag_1_483,0.0
categorical__diag_1_482,0.0
categorical__diag_1_480,0.0
categorical__diag_1_48,0.0
categorical__diag_1_478,0.0
categorical__diag_1_477,0.0
categorical__diag_1_475,0.0
categorical__diag_1_522,0.0
categorical__diag_1_521,0.0
categorical__diag_1_52,0.0
categorical__diag_1_519,0.0
categorical__diag_1_516,0.0
categorical__diag_1_515,0.0
categorical__diag_1_514,0.0
categorical__diag_1_513,0.0
categorical__diag_1_512,0.0
categorical__diag_1_510,0.0
categorical__diag_1_508,0.0
categorical__diag_1_507,0.0
categorical__diag_1_506,0.0
categorical__diag_1_501,0.0
categorical__diag_1_500,0.0
categorical__diag_1_54,0.0
categorical__diag_1_537,0.0
categorical__diag_1_536,0.0
categorical__diag_1_534,0.0
categorical__diag_1_533,0.0
categorical__diag_1_532,0.0
categorical__diag_1_531,0.0
categorical__diag_1_530,0.0
categorical__diag_1_53,0.0
categorical__diag_1_529,0.0
categorical__diag_1_528,0.0
categorical__diag_1_527,0.0
categorical__diag_1_526,0.0
categorical__diag_1_524,0.0
categorical__diag_1_523,0.0
categorical__diag_1_57,0.0
categorical__diag_1_568,0.0
categorical__diag_1_567,0.0
categorical__diag_1_565,0.0
categorical__diag_1_564,0.0
categorical__diag_1_562,0.0
categorical__diag_1_560,0.0
categorical__diag_1_558,0.0
categorical__diag_1_557,0.0
categorical__diag_1_556,0.0
categorical__diag_1_555,0.0
categorical__diag_1_552,0.0
categorical__diag_1_551,0.0
categorical__diag_1_550,0.0
categorical__diag_1_542,0.0
categorical__diag_1_541,0.0
categorical__diag_1_584,0.0
categorical__diag_1_583,0.0
categorical__diag_1_582,0.0
categorical__diag_1_581,0.0
categorical__diag_1_580,0.0
categorical__diag_1_58,0.0
categorical__diag_1_579,0.0
categorical__diag_1_578,0.0
categorical__diag_1_577,0.0
categorical__diag_1_576,0.0
categorical__diag_1_575,0.0
categorical__diag_1_574,0.0
categorical__diag_1_573,0.0
categorical__diag_1_572,0.0
categorical__diag_1_570,0.0
categorical__diag_1_607,0.0
categorical__diag_1_604,0.0
categorical__diag_1_603,0.0
categorical__diag_1_602,0.0
categorical__diag_1_601,0.0
categorical__diag_1_600,0.0
categorical__diag_1_598,0.0
categorical__diag_1_596,0.0
categorical__diag_1_595,0.0
categorical__diag_1_594,0.0
categorical__diag_1_591,0.0
categorical__diag_1_588,0.0
categorical__diag_1_586,0.0
categorical__diag_1_585,0.0
categorical__diag_1_626,0.0
categorical__diag_1_625,0.0
categorical__diag_1_623,0.0
categorical__diag_1_622,0.0
categorical__diag_1_621,0.0
categorical__diag_1_620,0.0
categorical__diag_1_619,0.0
categorical__diag_1_618,0.0
categorical__diag_1_617,0.0
categorical__diag_1_616,0.0
categorical__diag_1_615,0.0
categorical__diag_1_614,0.0
categorical__diag_1_611,0.0
categorical__diag_1_610,0.0
categorical__diag_1_61,0.0
categorical__diag_1_608,0.0
categorical__diag_1_655,0.0
categorical__diag_1_654,0.0
categorical__diag_1_653,0.0
categorical__diag_1_652,0.0
categorical__diag_1_648,0.0
categorical__diag_1_647,0.0
categorical__diag_1_646,0.0
categorical__diag_1_644,0.0
categorical__diag_1_643,0.0
categorical__diag_1_642,0.0
categorical__diag_1_641,0.0
categorical__diag_1_637,0.0
categorical__diag_1_634,0.0
categorical__diag_1_633,0.0
categorical__diag_1_632,0.0
categorical__diag_1_627,0.0
categorical__diag_1_683,0.0
categorical__diag_1_681,0.0
categorical__diag_1_680,0.0
categorical__diag_1_674,0.0
categorical__diag_1_671,0.0
categorical__diag_1_669,0.0
categorical__diag_1_665,0.0
categorical__diag_1_664,0.0
categorical__diag_1_663,0.0
categorical__diag_1_661,0.0
categorical__diag_1_660,0.0
categorical__diag_1_66,0.0
categorical__diag_1_659,0.0
categorical__diag_1_658,0.0
categorical__diag_1_657,0.0
categorical__diag_1_656,0.0
categorical__diag_1_706,0.0
categorical__diag_1_705,0.0
categorical__diag_1_704,0.0
categorical__diag_1_703,0.0
categorical__diag_1_700,0.0
categorical__diag_1_70,0.0
categorical__diag_1_7,0.0
categorical__diag_1_696,0.0
categorical__diag_1_695,0.0
categorical__diag_1_694,0.0
categorical__diag_1_693,0.0
categorical__diag_1_692,0.0
categorical__diag_1_691,0.0
categorical__diag_1_686,0.0
categorical__diag_1_685,0.0
categorical__diag_1_684,0.0
categorical__diag_1_728,0.0
categorical__diag_1_727,0.0
categorical__diag_1_725,0.0
categorical__diag_1_721,0.0
categorical__diag_1_720,0.0
categorical__diag_1_719,0.0
categorical__diag_1_718,0.0
categorical__diag_1_717,0.0
categorical__diag_1_716,0.0
categorical__diag_1_714,0.0
categorical__diag_1_711,0.0
categorical__diag_1_710,0.0
categorical__diag_1_709,0.0
categorical__diag_1_708,0.0
categorical__diag_1_707,0.0
categorical__diag_1_753,0.0
categorical__diag_1_751,0.0
categorical__diag_1_75,0.0
categorical__diag_1_747,0.0
categorical__diag_1_746,0.0
categorical__diag_1_745,0.0
categorical__diag_1_738,0.0
categorical__diag_1_737,0.0
categorical__diag_1_736,0.0
categorical__diag_1_735,0.0
categorical__diag_1_734,0.0
categorical__diag_1_733,0.0
categorical__diag_1_732,0.0
categorical__diag_1_731,0.0
categorical__diag_1_730,0.0
categorical__diag_1_729,0.0
categorical__diag_1_152,0.0
categorical__diag_1_151,0.0
categorical__diag_1_150,0.0
categorical__diag_1_149,0.0
categorical__diag_1_148,0.0
categorical__diag_1_147,0.0
categorical__diag_1_146,0.0
categorical__diag_1_143,0.0
categorical__diag_1_142,0.0
categorical__diag_1_141,0.0
categorical__diag_1_136,0.0
categorical__diag_1_135,0.0
categorical__diag_1_133,0.0
categorical__diag_1_131,0.0
categorical__diag_1_117,0.0
categorical__diag_1_115,0.0
categorical__diag_1_793,0.0
categorical__diag_1_792,0.0
categorical__diag_1_791,0.0
categorical__diag_1_790,0.0
categorical__diag_1_79,0.0
categorical__diag_1_789,0.0
categorical__diag_1_788,0.0
categorical__diag_1_785,0.0
categorical__diag_1_784,0.0
categorical__diag_1_783,0.0
categorical__diag_1_782,0.0
categorical__diag_1_781,0.0
categorical__diag_1_78,0.0
categorical__diag_1_759,0.0
categorical__diag_1_756,0.0
categorical__diag_1_810,0.0
categorical__diag_1_808,0.0
categorical__diag_1_807,0.0
categorical__diag_1_806,0.0
categorical__diag_1_805,0.0
categorical__diag_1_804,0.0
categorical__diag_1_803,0.0
categorical__diag_1_802,0.0
categorical__diag_1_801,0.0
categorical__diag_1_800,0.0
categorical__diag_1_8,0.0
categorical__diag_1_799,0.0
categorical__diag_1_797,0.0
categorical__diag_1_796,0.0
categorical__diag_1_795,0.0
categorical__diag_1_794,0.0
categorical__diag_1_831,0.0
categorical__diag_1_827,0.0
categorical__diag_1_826,0.0
categorical__diag_1_825,0.0
categorical__diag_1_824,0.0
categorical__diag_1_823,0.0
categorical__diag_1_822,0.0
categorical__diag_1_821,0.0
categorical__diag_1_820,0.0
categorical__diag_1_82,0.0
categorical__diag_1_817,0.0
categorical__diag_1_816,0.0
categorical__diag_1_815,0.0
categorical__diag_1_814,0.0
categorical__diag_1_813,0.0
categorical__diag_1_812,0.0
categorical__diag_1_850,0.0
categorical__diag_1_848,0.0
categorical__diag_1_847,0.0
categorical__diag_1_846,0.0
categorical__diag_1_845,0.0
categorical__diag_1_844,0.0
categorical__diag_1_843,0.0
categorical__diag_1_842,0.0
categorical__diag_1_840,0.0
categorical__diag_1_84,0.0
categorical__diag_1_839,0.0
categorical__diag_1_838,0.0
categorical__diag_1_837,0.0
categorical__diag_1_836,0.0
categorical__diag_1_835,0.0
categorical__diag_1_832,0.0
categorical__diag_1_873,0.0
categorical__diag_1_871,0.0
categorical__diag_1_870,0.0
categorical__diag_1_868,0.0
categorical__diag_1_867,0.0
categorical__diag_1_866,0.0
categorical__diag_1_865,0.0
categorical__diag_1_864,0.0
categorical__diag_1_863,0.0
categorical__diag_1_862,0.0
categorical__diag_1_861,0.0
categorical__diag_1_860,0.0
categorical__diag_1_854,0.0
categorical__diag_1_853,0.0
categorical__diag_1_852,0.0
categorical__diag_1_851,0.0
categorical__diag_1_897,0.0
categorical__diag_1_895,0.0
categorical__diag_1_893,0.0
categorical__diag_1_892,0.0
categorical__diag_1_891,0.0
categorical__diag_1_890,0.0
categorical__diag_1_886,0.0
categorical__diag_1_885,0.0
categorical__diag_1_883,0.0
categorical__diag_1_882,0.0
categorical__diag_1_881,0.0
categorical__diag_1_880,0.0
categorical__diag_1_88,0.0
categorical__diag_1_879,0.0
categorical__diag_1_878,0.0
categorical__diag_1_875,0.0
categorical__diag_1_924,0.0
categorical__diag_1_923,0.0
categorical__diag_1_922,0.0
categorical__diag_1_921,0.0
categorical__diag_1_920,0.0
categorical__diag_1_919,0.0
categorical__diag_1_917,0.0
categorical__diag_1_916,0.0
categorical__diag_1_915,0.0
categorical__diag_1_914,0.0
categorical__diag_1_913,0.0
categorical__diag_1_911,0.0
categorical__diag_1_906,0.0
categorical__diag_1_904,0.0
categorical__diag_1_903,0.0
categorical__diag_1_9,0.0
categorical__diag_1_959,0.0
categorical__diag_1_958,0.0
categorical__diag_1_957,0.0
categorical__diag_1_955,0.0
categorical__diag_1_952,0.0
categorical__diag_1_945,0.0
categorical__diag_1_944,0.0
categorical__diag_1_942,0.0
categorical__diag_1_941,0.0
categorical__diag_1_94,0.0
categorical__diag_1_939,0.0
categorical__diag_1_936,0.0
categorical__diag_1_935,0.0
categorical__diag_1_934,0.0
categorical__diag_1_933,0.0
categorical__diag_1_928,0.0
categorical__diag_1_977,0.0
categorical__diag_1_975,0.0
categorical__diag_1_974,0.0
categorical__diag_1_973,0.0
categorical__diag_1_972,0.0
categorical__diag_1_971,0.0
categorical__diag_1_970,0.0
categorical__diag_1_97,0.0
categorical__diag_1_969,0.0
categorical__diag_1_968,0.0
categorical__diag_1_967,0.0
categorical__diag_1_966,0.0
categorical__diag_1_965,0.0
categorical__diag_1_964,0.0
categorical__diag_1_963,0.0
categorical__diag_1_962,0.0
categorical__diag_1_V43,0.0
categorical__diag_1_V26,0.0
categorical__diag_1_V25,0.0
categorical__diag_1_V07,0.0
categorical__diag_1_E909,0.0
categorical__diag_1_999,0.0
categorical__diag_1_996,0.0
categorical__diag_1_995,0.0
categorical__diag_1_992,0.0
categorical__diag_1_991,0.0
categorical__diag_1_990,0.0
categorical__diag_1_989,0.0
categorical__diag_1_987,0.0
categorical__diag_1_986,0.0
categorical__diag_1_983,0.0
categorical__diag_1_98,0.0
categorical__diag_2_112,0.0
categorical__diag_2_111,0.0
categorical__diag_2_110,0.0
categorical__diag_2_11,0.0
categorical__diag_1_V71,0.0
categorical__diag_1_V70,0.0
categorical__diag_1_V67,0.0
categorical__diag_1_V66,0.0
categorical__diag_1_V63,0.0
categorical__diag_1_V60,0.0
categorical__diag_1_V57,0.0
categorical__diag_1_V56,0.0
categorical__diag_1_V54,0.0
categorical__diag_1_V53,0.0
categorical__diag_1_V51,0.0
categorical__diag_1_V45,0.0
categorical__diag_2_155,0.0
categorical__diag_2_154,0.0
categorical__diag_2_153,0.0
categorical__diag_2_152,0.0
categorical__diag_2_151,0.0
categorical__diag_2_150,0.0
categorical__diag_2_145,0.0
categorical__diag_2_141,0.0
categorical__diag_2_140,0.0
categorical__diag_2_138,0.0
categorical__diag_2_137,0.0
categorical__diag_2_136,0.0
categorical__diag_2_135,0.0
categorical__diag_2_131,0.0
categorical__diag_2_117,0.0
categorical__diag_2_114,0.0
categorical__diag_2_189,0.0
categorical__diag_2_188,0.0
categorical__diag_2_186,0.0
categorical__diag_2_185,0.0
categorical__diag_2_183,0.0
categorical__diag_2_180,0.0
categorical__diag_2_179,0.0
categorical__diag_2_174,0.0
categorical__diag_2_173,0.0
categorical__diag_2_172,0.0
categorical__diag_2_171,0.0
categorical__diag_2_164,0.0
categorical__diag_2_163,0.0
categorical__diag_2_162,0.0
categorical__diag_2_157,0.0
categorical__diag_2_156,0.0
categorical__diag_2_215,0.0
categorical__diag_2_214,0.0
categorical__diag_2_212,0.0
categorical__diag_2_211,0.0
categorical__diag_2_208,0.0
categorical__diag_2_205,0.0
categorical__diag_2_204,0.0
categorical__diag_2_203,0.0
categorical__diag_2_201,0.0
categorical__diag_2_200,0.0
categorical__diag_2_199,0.0
categorical__diag_2_197,0.0
categorical__diag_2_196,0.0
categorical__diag_2_193,0.0
categorical__diag_2_192,0.0
categorical__diag_2_191,0.0
categorical__diag_2_244,0.0
categorical__diag_2_242,0.0
categorical__diag_2_241,0.0
categorical__diag_2_240,0.0
categorical__diag_2_239,0.0
categorical__diag_2_238,0.0
categorical__diag_2_235,0.0
categorical__diag_2_233,0.0
categorical__diag_2_232,0.0
categorical__diag_2_228,0.0
categorical__diag_2_227,0.0
categorical__diag_2_226,0.0
categorical__diag_2_225,0.0
categorical__diag_2_220,0.0
categorical__diag_2_218,0.0
categorical__diag_2_217,0.0
categorical__diag_2_250.33,0.0
categorical__diag_2_250.32,0.0
categorical__diag_2_250.31,0.0
categorical__diag_2_250.3,0.0
categorical__diag_2_250.23,0.0
categorical__diag_2_250.22,0.0
categorical__diag_2_250.21,0.0
categorical__diag_2_250.2,0.0
categorical__diag_2_250.13,0.0
categorical__diag_2_250.12,0.0
categorical__diag_2_250.11,0.0
categorical__diag_2_250.1,0.0
categorical__diag_2_250.03,0.0
categorical__diag_2_246,0.0
categorical__diag_2_245,0.0
categorical__diag_2_250.93,0.0
categorical__diag_2_250.92,0.0
categorical__diag_2_250.91,0.0
categorical__diag_2_250.9,0.0
categorical__diag_2_250.83,0.0
categorical__diag_2_250.82,0.0
categorical__diag_2_250.81,0.0
categorical__diag_2_250.8,0.0
categorical__diag_2_250.7,0.0
categorical__diag_2_250.53,0.0
categorical__diag_2_250.52,0.0
categorical__diag_2_250.51,0.0
categorical__diag_2_250.5,0.0
categorical__diag_2_250.43,0.0
categorical__diag_2_250.42,0.0
categorical__diag_2_250.4,0.0
categorical__diag_2_271,0.0
categorical__diag_2_27,0.0
categorical__diag_2_269,0.0
categorical__diag_2_268,0.0
categorical__diag_2_266,0.0
categorical__diag_2_263,0.0
categorical__diag_2_262,0.0
categorical__diag_2_261,0.0
categorical__diag_2_260,0.0
categorical__diag_2_259,0.0
categorical__diag_2_258,0.0
categorical__diag_2_256,0.0
categorical__diag_2_255,0.0
categorical__diag_2_253,0.0
categorical__diag_2_252,0.0
categorical__diag_2_251,0.0
categorical__diag_2_290,0.0
categorical__diag_2_289,0.0
categorical__diag_2_288,0.0
categorical__diag_2_287,0.0
categorical__diag_2_286,0.0
categorical__diag_2_284,0.0
categorical__diag_2_283,0.0
categorical__diag_2_282,0.0
categorical__diag_2_281,0.0
categorical__diag_2_280,0.0
categorical__diag_2_279,0.0
categorical__diag_2_277,0.0
categorical__diag_2_275,0.0
categorical__diag_2_274,0.0
categorical__diag_2_273,0.0
categorical__diag_2_307,0.0
categorical__diag_2_306,0.0
categorical__diag_2_304,0.0
categorical__diag_2_303,0.0
categorical__diag_2_302,0.0
categorical__diag_2_301,0.0
categorical__diag_2_300,0.0
categorical__diag_2_299,0.0
categorical__diag_2_298,0.0
categorical__diag_2_297,0.0
categorical__diag_2_296,0.0
categorical__diag_2_294,0.0
categorical__diag_2_293,0.0
categorical__diag_2_292,0.0
categorical__diag_2_291,0.0
categorical__diag_2_325,0.0
categorical__diag_2_324,0.0
categorical__diag_2_323,0.0
categorical__diag_2_322,0.0
categorical__diag_2_320,0.0
categorical__diag_2_319,0.0
categorical__diag_2_318,0.0
categorical__diag_2_317,0.0
categorical__diag_2_316,0.0
categorical__diag_2_314,0.0
categorical__diag_2_312,0.0
categorical__diag_2_311,0.0
categorical__diag_2_310,0.0
categorical__diag_2_31,0.0
categorical__diag_2_309,0.0
categorical__diag_2_308,0.0
categorical__diag_1_114,0.0
categorical__diag_1_112,0.0
categorical__diag_1_110,0.0
categorical__diag_1_11,0.0
categorical__diag_1_10,0.0
categorical__medical_specialty_Urology,0.0
categorical__medical_specialty_SurgicalSpecialty,0.0
categorical__medical_specialty_Surgery-Thoracic,0.0
categorical__medical_specialty_Surgery-Plastic,0.0
categorical__medical_specialty_Surgery-Pediatric,0.0
categorical__medical_specialty_Surgery-Neuro,0.0
categorical__medical_specialty_Surgery-Maxillofacial,0.0
categorical__medical_specialty_Surgery-Colon&Rectal,0.0
categorical__medical_specialty_Surgery-Cardiovascular/Thoracic,0.0
categorical__diag_2_347,0.0
categorical__diag_2_346,0.0
categorical__diag_2_345,0.0
categorical__diag_2_344,0.0
categorical__diag_2_343,0.0
categorical__diag_2_341,0.0
categorical__diag_2_340,0.0
categorical__diag_2_34,0.0
categorical__diag_2_338,0.0
categorical__diag_2_337,0.0
categorical__diag_2_336,0.0
categorical__diag_2_335,0.0
categorical__diag_2_333,0.0
categorical__diag_2_332,0.0
categorical__diag_2_331,0.0
categorical__diag_2_327,0.0
categorical__diag_2_365,0.0
categorical__diag_2_364,0.0
categorical__diag_2_362,0.0
categorical__diag_2_360,0.0
categorical__diag_2_359,0.0
categorical__diag_2_358,0.0
categorical__diag_2_357,0.0
categorical__diag_2_356,0.0
categorical__diag_2_355,0.0
categorical__diag_2_354,0.0
categorical__diag_2_352,0.0
categorical__diag_2_351,0.0
categorical__diag_2_350,0.0
categorical__diag_2_35,0.0
categorical__diag_2_349,0.0
categorical__diag_2_348,0.0
categorical__diag_2_388,0.0
categorical__diag_2_386,0.0
categorical__diag_2_383,0.0
categorical__diag_2_382,0.0
categorical__diag_2_381,0.0
categorical__diag_2_380,0.0
categorical__diag_2_38,0.0
categorical__diag_2_379,0.0
categorical__diag_2_378,0.0
categorical__diag_2_377,0.0
categorical__diag_2_376,0.0
categorical__diag_2_373,0.0
categorical__diag_2_372,0.0
categorical__diag_2_369,0.0
categorical__diag_2_368,0.0
categorical__diag_2_366,0.0
categorical__diag_2_416,0.0
categorical__diag_2_415,0.0
categorical__diag_2_411,0.0
categorical__diag_2_410,0.0
categorical__diag_2_41,0.0
categorical__diag_2_405,0.0
categorical__diag_2_404,0.0
categorical__diag_2_402,0.0
categorical__diag_2_40,0.0
categorical__diag_2_398,0.0
categorical__diag_2_397,0.0
categorical__diag_2_396,0.0
categorical__diag_2_395,0.0
categorical__diag_2_394,0.0
categorical__diag_2_389,0.0
categorical__diag_2_435,0.0
categorical__diag_2_434,0.0
categorical__diag_2_433,0.0
categorical__diag_2_432,0.0
categorical__diag_2_431,0.0
categorical__diag_2_430,0.0
categorical__diag_2_429,0.0
categorical__diag_2_426,0.0
categorical__diag_2_425,0.0
categorical__diag_2_424,0.0
categorical__diag_2_423,0.0
categorical__diag_2_422,0.0
categorical__diag_2_421,0.0
categorical__diag_2_420,0.0
categorical__diag_2_42,0.0
categorical__diag_2_456,0.0
categorical__diag_2_455,0.0
categorical__diag_2_454,0.0
categorical__diag_2_453,0.0
categorical__diag_2_452,0.0
categorical__diag_2_451,0.0
categorical__diag_2_448,0.0
categorical__diag_2_447,0.0
categorical__diag_2_446,0.0
categorical__diag_2_444,0.0
categorical__diag_2_443,0.0
categorical__diag_2_442,0.0
categorical__diag_2_441,0.0
categorical__diag_2_438,0.0
categorical__diag_2_437,0.0
categorical__diag_2_436,0.0
categorical__diag_2_480,0.0
categorical__diag_2_478,0.0
categorical__diag_2_477,0.0
categorical__diag_2_475,0.0
categorical__diag_2_474,0.0
categorical__diag_2_473,0.0
categorical__diag_2_472,0.0
categorical__diag_2_470,0.0
categorical__diag_2_466,0.0
categorical__diag_2_463,0.0
categorical__diag_2_462,0.0
categorical__diag_2_461,0.0
categorical__diag_2_460,0.0
categorical__diag_2_459,0.0
categorical__diag_2_458,0.0
categorical__diag_2_457,0.0
categorical__diag_2_501,0.0
categorical__diag_2_500,0.0
categorical__diag_2_5,0.0
categorical__diag_2_495,0.0
categorical__diag_2_494,0.0
categorical__diag_2_493,0.0
categorical__diag_2_492,0.0
categorical__diag_2_491,0.0
categorical__diag_2_490,0.0
categorical__diag_2_487,0.0
categorical__diag_2_485,0.0
categorical__diag_2_484,0.0
categorical__diag_2_483,0.0
categorical__diag_2_482,0.0
categorical__diag_2_481,0.0
categorical__diag_2_527,0.0
categorical__diag_2_524,0.0
categorical__diag_2_523,0.0
categorical__diag_2_522,0.0
categorical__diag_2_521,0.0
categorical__diag_2_52,0.0
categorical__diag_2_519,0.0
categorical__diag_2_517,0.0
categorical__diag_2_516,0.0
categorical__diag_2_515,0.0
categorical__diag_2_514,0.0
categorical__diag_2_513,0.0
categorical__diag_2_512,0.0
categorical__diag_2_511,0.0
categorical__diag_2_510,0.0
categorical__diag_2_508,0.0
categorical__diag_2_552,0.0
categorical__diag_2_550,0.0
categorical__diag_2_542,0.0
categorical__diag_2_540,0.0
categorical__diag_2_54,0.0
categorical__diag_2_537,0.0
categorical__diag_2_536,0.0
categorical__diag_2_535,0.0
categorical__diag_2_534,0.0
categorical__diag_2_533,0.0
categorical__diag_2_532,0.0
categorical__diag_2_531,0.0
categorical__diag_2_530,0.0
categorical__diag_2_53,0.0
categorical__diag_2_529,0.0
categorical__diag_2_528,0.0
categorical__diag_2_572,0.0
categorical__diag_2_570,0.0
categorical__diag_2_569,0.0
categorical__diag_2_568,0.0
categorical__diag_2_567,0.0
categorical__diag_2_566,0.0
categorical__diag_2_565,0.0
categorical__diag_2_564,0.0
categorical__diag_2_562,0.0
categorical__diag_2_560,0.0
categorical__diag_2_558,0.0
categorical__diag_2_557,0.0
categorical__diag_2_556,0.0
categorical__diag_2_555,0.0
categorical__diag_2_553,0.0
categorical__diag_2_592,0.0
categorical__diag_2_591,0.0
categorical__diag_2_590,0.0
categorical__diag_2_588,0.0
categorical__diag_2_586,0.0
categorical__diag_2_584,0.0
categorical__diag_2_583,0.0
categorical__diag_2_581,0.0
categorical__diag_2_580,0.0
categorical__diag_2_579,0.0
categorical__diag_2_578,0.0
categorical__diag_2_577,0.0
categorical__diag_2_576,0.0
categorical__diag_2_575,0.0
categorical__diag_2_573,0.0
categorical__diag_2_615,0.0
categorical__diag_2_614,0.0
categorical__diag_2_611,0.0
categorical__diag_2_610,0.0
categorical__diag_2_608,0.0
categorical__diag_2_607,0.0
categorical__diag_2_605,0.0
categorical__diag_2_604,0.0
categorical__diag_2_602,0.0
categorical__diag_2_601,0.0
categorical__diag_2_600,0.0
categorical__diag_2_598,0.0
categorical__diag_2_596,0.0
categorical__diag_2_595,0.0
categorical__diag_2_594,0.0
categorical__diag_2_593,0.0
categorical__diag_2_646,0.0
categorical__diag_2_645,0.0
categorical__diag_2_644,0.0
categorical__diag_2_642,0.0
categorical__diag_2_634,0.0
categorical__diag_2_627,0.0
categorical__diag_2_626,0.0
categorical__diag_2_625,0.0
categorical__diag_2_623,0.0
categorical__diag_2_622,0.0
categorical__diag_2_621,0.0
categorical__diag_2_620,0.0
categorical__diag_2_619,0.0
categorical__diag_2_618,0.0
categorical__diag_2_617,0.0
categorical__diag_2_616,0.0
categorical__diag_2_683,0.0
categorical__diag_2_681,0.0
categorical__diag_2_680,0.0
categorical__diag_2_674,0.0
categorical__diag_2_670,0.0
categorical__diag_2_665,0.0
categorical__diag_2_664,0.0
categorical__diag_2_663,0.0
categorical__diag_2_661,0.0
categorical__diag_2_659,0.0
categorical__diag_2_658,0.0
categorical__diag_2_656,0.0
categorical__diag_2_654,0.0
categorical__diag_2_652,0.0
categorical__diag_2_649,0.0
categorical__diag_2_647,0.0
categorical__diag_2_706,0.0
categorical__diag_2_705,0.0
categorical__diag_2_703,0.0
categorical__diag_2_701,0.0
categorical__diag_2_70,0.0
categorical__diag_2_7,0.0
categorical__diag_2_698,0.0
categorical__diag_2_696,0.0
categorical__diag_2_695,0.0
categorical__diag_2_694,0.0
categorical__diag_2_693,0.0
categorical__diag_2_692,0.0
categorical__diag_2_691,0.0
categorical__diag_2_686,0.0
categorical__diag_2_685,0.0
categorical__diag_2_684,0.0
categorical__diag_2_725,0.0
categorical__diag_2_724,0.0
categorical__diag_2_723,0.0
categorical__diag_2_722,0.0
categorical__diag_2_721,0.0
categorical__diag_2_718,0.0
categorical__diag_2_717,0.0
categorical__diag_2_716,0.0
categorical__diag_2_715,0.0
categorical__diag_2_714,0.0
categorical__diag_2_713,0.0
categorical__diag_2_712,0.0
categorical__diag_2_711,0.0
categorical__diag_2_710,0.0
categorical__diag_2_709,0.0
categorical__glipizide-metformin_No,0.0
categorical__medical_specialty_Surgery-Cardiovascular,0.0
categorical__medical_specialty_Surgeon,0.0
categorical__medical_specialty_SportsMedicine,0.0
categorical__medical_specialty_Rheumatology,0.0
categorical__medical_specialty_Resident,0.0
categorical__medical_specialty_Radiology,0.0
categorical__medical_specialty_Radiologist,0.0
categorical__medical_specialty_Pulmonology,0.0
categorical__medical_specialty_Psychology,0.0
categorical__medical_specialty_Psychiatry-Child/Adolescent,0.0
categorical__medical_specialty_Psychiatry-Addictive,0.0
categorical__medical_specialty_Psychiatry,0.0
categorical__medical_specialty_Proctology,0.0
categorical__medical_specialty_Podiatry,0.0
categorical__medical_specialty_PhysicianNotFound,0.0
categorical__medical_specialty_PhysicalMedicineandRehabilitation,0.0
categorical__diag_2_748,0.0
categorical__diag_2_747,0.0
categorical__diag_2_746,0.0
categorical__diag_2_745,0.0
categorical__diag_2_742,0.0
categorical__diag_2_741,0.0
categorical__diag_2_738,0.0
categorical__diag_2_737,0.0
categorical__diag_2_736,0.0
categorical__diag_2_734,0.0
categorical__diag_2_733,0.0
categorical__diag_2_731,0.0
categorical__diag_2_730,0.0
categorical__diag_2_729,0.0
categorical__diag_2_727,0.0
categorical__diag_2_726,0.0
categorical__diag_2_788,0.0
categorical__diag_2_787,0.0
categorical__diag_2_786,0.0
categorical__diag_2_785,0.0
categorical__diag_2_784,0.0
categorical__diag_2_783,0.0
categorical__diag_2_78,0.0
categorical__diag_2_759,0.0
categorical__diag_2_758,0.0
categorical__diag_2_756,0.0
categorical__diag_2_755,0.0
categorical__diag_2_754,0.0
categorical__diag_2_753,0.0
categorical__diag_2_752,0.0
categorical__diag_2_751,0.0
categorical__diag_2_750,0.0
categorical__diag_2_805,0.0
categorical__diag_2_802,0.0
categorical__diag_2_801,0.0
categorical__diag_2_800,0.0
categorical__diag_2_8,0.0
categorical__diag_2_799,0.0
categorical__diag_2_797,0.0
categorical__diag_2_796,0.0
categorical__diag_2_795,0.0
categorical__diag_2_794,0.0
categorical__diag_2_793,0.0
categorical__diag_2_792,0.0
categorical__diag_2_791,0.0
categorical__diag_2_790,0.0
categorical__diag_2_79,0.0
categorical__diag_2_789,0.0
categorical__diag_2_825,0.0
categorical__diag_2_824,0.0
categorical__diag_2_823,0.0
categorical__diag_2_822,0.0
categorical__diag_2_821,0.0
categorical__diag_2_820,0.0
categorical__diag_2_816,0.0
categorical__diag_2_815,0.0
categorical__diag_2_814,0.0
categorical__diag_2_813,0.0
categorical__diag_2_812,0.0
categorical__diag_2_811,0.0
categorical__diag_2_810,0.0
categorical__diag_2_808,0.0
categorical__diag_2_807,0.0
categorical__diag_2_806,0.0
categorical__diag_2_860,0.0
categorical__diag_2_853,0.0
categorical__diag_2_852,0.0
categorical__diag_2_851,0.0
categorical__diag_2_850,0.0
categorical__diag_2_847,0.0
categorical__diag_2_846,0.0
categorical__diag_2_845,0.0
categorical__diag_2_844,0.0
categorical__diag_2_842,0.0
categorical__diag_2_840,0.0
categorical__diag_2_837,0.0
categorical__diag_2_836,0.0
categorical__diag_2_833,0.0
categorical__diag_2_831,0.0
categorical__diag_2_826,0.0
categorical__diag_2_880,0.0
categorical__diag_2_88,0.0
categorical__diag_2_879,0.0
categorical__diag_2_873,0.0
categorical__diag_2_872,0.0
categorical__diag_2_871,0.0
categorical__diag_2_870,0.0
categorical__diag_2_869,0.0
categorical__diag_2_868,0.0
categorical__diag_2_867,0.0
categorical__diag_2_866,0.0
categorical__diag_2_865,0.0
categorical__diag_2_864,0.0
categorical__diag_2_863,0.0
categorical__diag_2_862,0.0
categorical__diag_2_861,0.0
categorical__diag_2_913,0.0
categorical__diag_2_912,0.0
categorical__diag_2_911,0.0
categorical__diag_2_910,0.0
categorical__diag_2_909,0.0
categorical__diag_2_908,0.0
categorical__diag_2_907,0.0
categorical__diag_2_906,0.0
categorical__diag_2_905,0.0
categorical__diag_2_9,0.0
categorical__diag_2_894,0.0
categorical__diag_2_892,0.0
categorical__diag_2_891,0.0
categorical__diag_2_883,0.0
categorical__diag_2_882,0.0
categorical__diag_2_881,0.0
categorical__diag_2_945,0.0
categorical__diag_2_944,0.0
categorical__diag_2_942,0.0
categorical__diag_2_94,0.0
categorical__diag_2_934,0.0
categorical__diag_2_933,0.0
categorical__diag_2_927,0.0
categorical__diag_2_924,0.0
categorical__diag_2_923,0.0
categorical__diag_2_922,0.0
categorical__diag_2_921,0.0
categorical__diag_2_920,0.0
categorical__diag_2_919,0.0
categorical__diag_2_918,0.0
categorical__diag_2_917,0.0
categorical__diag_2_915,0.0
categorical__diag_2_980,0.0
categorical__diag_2_977,0.0
categorical__diag_2_975,0.0
categorical__diag_2_972,0.0
categorical__diag_2_969,0.0
categorical__diag_2_968,0.0
categorical__diag_2_967,0.0
categorical__diag_2_965,0.0
categorical__diag_2_962,0.0
categorical__diag_2_96,0.0
categorical__diag_2_959,0.0
categorical__diag_2_958,0.0
categorical__diag_2_953,0.0
categorical__diag_2_952,0.0
categorical__diag_2_948,0.0
categorical__diag_2_947,0.0
categorical__diag_2_E817,0.0
categorical__diag_2_E816,0.0
categorical__diag_2_E814,0.0
categorical__diag_2_E813,0.0
categorical__diag_2_E812,0.0
categorical__diag_2_999,0.0
categorical__diag_2_998,0.0
categorical__diag_2_997,0.0
categorical__glyburide-metformin_Up,0.0
categorical__diag_2_995,0.0
categorical__diag_2_992,0.0
categorical__diag_2_991,0.0
categorical__diag_2_990,0.0
categorical__diag_2_99,0.0
categorical__diag_2_989,0.0
categorical__diag_2_987,0.0
categorical__diag_2_E881,0.0
categorical__diag_2_E880,0.0
categorical__diag_2_E879,0.0
categorical__diag_2_E878,0.0
categorical__diag_2_E870,0.0
categorical__diag_2_E868,0.0
categorical__diag_2_E858,0.0
categorical__diag_2_E854,0.0
categorical__diag_2_E853,0.0
categorical__diag_2_E850,0.0
categorical__diag_2_E849,0.0
categorical__diag_2_E829,0.0
categorical__diag_2_E826,0.0
categorical__diag_2_E821,0.0
categorical__diag_2_E819,0.0
categorical__diag_2_E818,0.0
categorical__diag_2_E929,0.0
categorical__diag_2_E928,0.0
categorical__diag_2_E927,0.0
categorical__diag_2_E924,0.0
categorical__diag_2_E918,0.0
categorical__diag_2_E917,0.0
categorical__diag_2_E916,0.0
categorical__diag_2_E915,0.0
categorical__diag_2_E906,0.0
categorical__diag_2_E905,0.0
categorical__diag_2_E888,0.0
categorical__diag_2_E887,0.0
categorical__diag_2_E885,0.0
categorical__diag_2_E884,0.0
categorical__diag_2_E883,0.0
categorical__diag_2_E882,0.0
categorical__diag_2_E950,0.0
categorical__diag_2_E947,0.0
categorical__diag_2_E945,0.0
categorical__diag_2_E944,0.0
categorical__diag_2_E942,0.0
categorical__diag_2_E941,0.0
categorical__diag_2_E939,0.0
categorical__diag_2_E938,0.0
categorical__diag_2_E937,0.0
categorical__diag_2_E936,0.0
categorical__diag_2_E935,0.0
categorical__diag_2_E934,0.0
categorical__diag_2_E933,0.0
categorical__diag_2_E932,0.0
categorical__diag_2_E931,0.0
categorical__diag_2_E930,0.0
categorical__diag_2_V23,0.0
categorical__diag_2_V18,0.0
categorical__diag_2_V17,0.0
categorical__diag_2_V16,0.0
categorical__diag_2_V15,0.0
categorical__diag_2_V14,0.0
categorical__diag_2_V13,0.0
categorical__diag_2_V12,0.0
categorical__diag_2_V11,0.0
categorical__diag_2_V10,0.0
categorical__diag_2_V09,0.0
categorical__diag_2_V08,0.0
categorical__diag_2_V03,0.0
categorical__diag_2_V02,0.0
categorical__diag_2_E968,0.0
categorical__diag_2_E965,0.0
categorical__diag_2_V64,0.0
categorical__diag_2_V63,0.0
categorical__diag_2_V62,0.0
categorical__diag_2_V61,0.0
categorical__diag_2_V60,0.0
categorical__diag_2_V58,0.0
categorical__diag_2_V57,0.0
categorical__diag_2_V54,0.0
categorical__diag_2_V53,0.0
categorical__diag_2_V50,0.0
categorical__diag_2_V49,0.0
categorical__diag_2_V46,0.0
categorical__diag_2_V45,0.0
categorical__diag_2_V44,0.0
categorical__diag_2_V42,0.0
categorical__diag_2_V25,0.0
categorical__diag_3_131,0.0
categorical__diag_3_123,0.0
categorical__diag_3_122,0.0
categorical__diag_3_117,0.0
categorical__diag_3_115,0.0
categorical__diag_3_112,0.0
categorical__diag_3_111,0.0
categorical__diag_3_110,0.0
categorical__diag_3_11,0.0
categorical__diag_2_V86,0.0
categorical__diag_2_V85,0.0
categorical__diag_2_V72,0.0
categorical__diag_2_V70,0.0
categorical__diag_2_V69,0.0
categorical__diag_2_V66,0.0
categorical__diag_2_V65,0.0
categorical__diag_3_157,0.0
categorical__diag_3_156,0.0
categorical__diag_3_155,0.0
categorical__diag_3_154,0.0
categorical__diag_3_153,0.0
categorical__diag_3_152,0.0
categorical__diag_3_151,0.0
categorical__diag_3_150,0.0
categorical__diag_3_146,0.0
categorical__diag_3_141,0.0
categorical__diag_3_14,0.0
categorical__diag_3_139,0.0
categorical__diag_3_138,0.0
categorical__diag_3_136,0.0
categorical__diag_3_135,0.0
categorical__diag_3_132,0.0
categorical__diag_3_188,0.0
categorical__diag_3_185,0.0
categorical__diag_3_183,0.0
categorical__diag_3_182,0.0
categorical__diag_3_180,0.0
categorical__diag_3_179,0.0
categorical__diag_3_174,0.0
categorical__diag_3_173,0.0
categorical__diag_3_172,0.0
categorical__diag_3_171,0.0
categorical__diag_3_170,0.0
categorical__diag_3_17,0.0
categorical__diag_3_163,0.0
categorical__diag_3_162,0.0
categorical__diag_3_161,0.0
categorical__diag_3_158,0.0
categorical__diag_3_211,0.0
categorical__diag_3_208,0.0
categorical__diag_3_205,0.0
categorical__diag_3_204,0.0
categorical__diag_3_203,0.0
categorical__diag_3_202,0.0
categorical__diag_3_201,0.0
categorical__diag_3_200,0.0
categorical__diag_3_199,0.0
categorical__diag_3_198,0.0
categorical__glyburide-metformin_Steady,0.0
categorical__diag_3_196,0.0
categorical__diag_3_193,0.0
categorical__diag_3_192,0.0
categorical__diag_3_191,0.0
categorical__diag_3_189,0.0
categorical__diag_3_241,0.0
categorical__diag_3_240,0.0
categorical__diag_3_239,0.0
categorical__diag_3_238,0.0
categorical__diag_3_235,0.0
categorical__diag_3_233,0.0
categorical__diag_3_228,0.0
categorical__diag_3_227,0.0
categorical__diag_3_226,0.0
categorical__diag_3_225,0.0
categorical__diag_3_223,0.0
categorical__diag_3_220,0.0
categorical__diag_3_218,0.0
categorical__diag_3_217,0.0
categorical__diag_3_216,0.0
categorical__diag_3_214,0.0
categorical__diag_3_250.3,0.0
categorical__diag_3_250.23,0.0
categorical__diag_3_250.22,0.0
categorical__diag_3_250.21,0.0
categorical__diag_3_250.2,0.0
categorical__diag_3_250.13,0.0
categorical__diag_3_250.12,0.0
categorical__diag_3_250.11,0.0
categorical__diag_3_250.1,0.0
categorical__diag_3_250.03,0.0
categorical__diag_3_250.01,0.0
categorical__diag_3_246,0.0
categorical__diag_3_245,0.0
categorical__glyburide-metformin_No,0.0
categorical__diag_3_243,0.0
categorical__diag_3_242,0.0
categorical__diag_3_250.93,0.0
categorical__diag_3_250.91,0.0
categorical__diag_3_250.9,0.0
categorical__diag_3_250.83,0.0
categorical__diag_3_250.82,0.0
categorical__diag_3_250.81,0.0
categorical__diag_3_250.8,0.0
categorical__glyburide-metformin_Down,0.0
categorical__diag_3_250.53,0.0
categorical__diag_3_250.52,0.0
categorical__diag_3_250.51,0.0
categorical__diag_3_250.5,0.0
categorical__diag_3_250.43,0.0
categorical__diag_3_250.41,0.0
categorical__diag_3_250.4,0.0
categorical__diag_3_250.31,0.0
categorical__medical_specialty_Pediatrics-Pulmonology,0.0
categorical__medical_specialty_Pediatrics-Neurology,0.0
categorical__medical_specialty_Pediatrics-InfectiousDiseases,0.0
categorical__medical_specialty_Pediatrics-Hematology-Oncology,0.0
categorical__medical_specialty_Pediatrics-EmergencyMedicine,0.0
categorical__medical_specialty_Pediatrics-AllergyandImmunology,0.0
categorical__medical_specialty_Pediatrics,0.0
categorical__medical_specialty_Pathology,0.0
categorical__medical_specialty_OutreachServices,0.0
categorical__medical_specialty_Osteopath,0.0
categorical__medical_specialty_Orthopedics,0.0
categorical__diag_3_258,0.0
categorical__diag_3_256,0.0
categorical__diag_3_253,0.0
categorical__diag_3_252,0.0
categorical__diag_3_251,0.0
categorical__diag_3_277,0.0
categorical__diag_3_275,0.0
categorical__diag_3_274,0.0
categorical__diag_3_273,0.0
categorical__diag_3_271,0.0
categorical__diag_3_270,0.0
categorical__diag_3_27,0.0
categorical__diag_3_268,0.0
categorical__diag_3_266,0.0
categorical__diag_3_265,0.0
categorical__diag_3_263,0.0
categorical__diag_3_262,0.0
categorical__diag_3_261,0.0
categorical__diag_3_260,0.0
categorical__diag_3_259,0.0
categorical__medical_specialty_Perinatology,0.0
categorical__diag_3_294,0.0
categorical__diag_3_293,0.0
categorical__diag_3_292,0.0
categorical__diag_3_291,0.0
categorical__diag_3_290,0.0
categorical__diag_3_289,0.0
categorical__diag_3_288,0.0
categorical__diag_3_287,0.0
categorical__diag_3_286,0.0
categorical__diag_3_285,0.0
categorical__diag_3_284,0.0
categorical__diag_3_283,0.0
categorical__diag_3_282,0.0
categorical__diag_3_281,0.0
categorical__diag_3_280,0.0
categorical__diag_3_279,0.0
categorical__diag_3_310,0.0
categorical__diag_3_309,0.0
categorical__diag_3_308,0.0
categorical__diag_3_307,0.0
categorical__diag_3_306,0.0
categorical__gender_Unknown/Invalid,0.0
categorical__diag_3_304,0.0
categorical__diag_3_303,0.0
categorical__diag_3_301,0.0
categorical__diag_3_300,0.0
categorical__diag_3_3,0.0
categorical__diag_3_299,0.0
categorical__diag_3_298,0.0
categorical__diag_3_297,0.0
categorical__diag_3_296,0.0
categorical__diag_3_295,0.0
categorical__diag_3_336,0.0
categorical__diag_3_335,0.0
categorical__diag_3_334,0.0
categorical__diag_3_333,0.0
categorical__diag_3_332,0.0
categorical__diag_3_331,0.0
categorical__diag_3_327,0.0
categorical__diag_3_323,0.0
categorical__diag_3_319,0.0
categorical__diag_3_318,0.0
categorical__diag_3_317,0.0
categorical__diag_3_315,0.0
categorical__diag_3_314,0.0
categorical__diag_3_313,0.0
categorical__diag_3_312,0.0
categorical__diag_3_311,0.0
categorical__diag_3_353,0.0
categorical__diag_3_351,0.0
categorical__diag_3_350,0.0
categorical__diag_3_35,0.0
categorical__diag_3_349,0.0
categorical__diag_3_348,0.0
categorical__diag_3_347,0.0
categorical__diag_3_346,0.0
categorical__diag_3_345,0.0
categorical__diag_3_344,0.0
categorical__diag_3_343,0.0
categorical__diag_3_342,0.0
categorical__diag_3_340,0.0
categorical__diag_3_34,0.0
categorical__diag_3_338,0.0
categorical__diag_3_337,0.0
categorical__diag_3_373,0.0
categorical__diag_3_372,0.0
categorical__diag_3_370,0.0
categorical__diag_3_369,0.0
categorical__diag_3_368,0.0
categorical__diag_3_366,0.0
categorical__diag_3_365.44,0.0
categorical__diag_3_365,0.0
categorical__diag_3_362,0.0
categorical__diag_3_361,0.0
categorical__diag_3_360,0.0
categorical__diag_3_359,0.0
categorical__diag_3_358,0.0
categorical__diag_3_356,0.0
categorical__diag_3_355,0.0
categorical__diag_3_354,0.0
categorical__diag_3_389,0.0
categorical__diag_3_388,0.0
categorical__diag_3_387,0.0
categorical__diag_3_386,0.0
categorical__diag_3_385,0.0
categorical__diag_3_384,0.0
categorical__diag_3_383,0.0
categorical__diag_3_382,0.0
categorical__diag_3_381,0.0
categorical__diag_3_380,0.0
categorical__diag_3_38,0.0
categorical__diag_3_379,0.0
categorical__diag_3_378,0.0
categorical__diag_3_377,0.0
categorical__diag_3_376,0.0
categorical__diag_3_374,0.0
categorical__diag_3_421,0.0
categorical__diag_3_420,0.0
categorical__diag_3_42,0.0
categorical__diag_3_417,0.0
categorical__diag_3_416,0.0
categorical__diag_3_415,0.0
categorical__diag_3_412,0.0
categorical__diag_3_411,0.0
categorical__diag_3_410,0.0
categorical__diag_3_405,0.0
categorical__diag_3_404,0.0
categorical__diag_3_398,0.0
categorical__gender_Male,0.0
categorical__diag_3_396,0.0
categorical__diag_3_394,0.0
categorical__diag_3_391,0.0
categorical__diag_3_441,0.0
categorical__diag_3_440,0.0
categorical__diag_3_438,0.0
categorical__diag_3_437,0.0
categorical__diag_3_436,0.0
categorical__diag_3_435,0.0
categorical__diag_3_434,0.0
categorical__diag_3_433,0.0
categorical__diag_3_432,0.0
categorical__diag_3_431,0.0
categorical__diag_3_430,0.0
categorical__diag_3_429,0.0
categorical__diag_3_427,0.0
categorical__diag_3_426,0.0
categorical__diag_3_425,0.0
categorical__diag_3_423,0.0
categorical__medical_specialty_Ophthalmology,0.0
categorical__race_Other,0.0
categorical__medical_specialty_Obstetrics,0.0
categorical__medical_specialty_Obsterics&Gynecology-GynecologicOnco,0.0
categorical__medical_specialty_Neurophysiology,0.0
categorical__medical_specialty_InfectiousDiseases,0.0
categorical__medical_specialty_Hospitalist,0.0
categorical__medical_specialty_Hematology/Oncology,0.0
categorical__medical_specialty_Hematology,0.0
categorical__medical_specialty_Gynecology,0.0
categorical__medical_specialty_Gastroenterology,0.0
categorical__diag_3_446,0.0
categorical__diag_3_445,0.0
categorical__diag_3_444,0.0
categorical__diag_3_443,0.0
categorical__diag_3_442,0.0
categorical__diag_3_470,0.0
categorical__diag_3_466,0.0
categorical__diag_3_465,0.0
categorical__diag_3_464,0.0
categorical__diag_3_463,0.0
categorical__diag_3_462,0.0
categorical__diag_3_461,0.0
categorical__diag_3_460,0.0
categorical__diag_3_459,0.0
categorical__diag_3_457,0.0
categorical__diag_3_456,0.0
categorical__diag_3_454,0.0
categorical__diag_3_452,0.0
categorical__diag_3_451,0.0
categorical__diag_3_448,0.0
categorical__diag_3_447,0.0
categorical__diag_3_495,0.0
categorical__diag_3_494,0.0
categorical__diag_3_493,0.0
categorical__diag_3_490,0.0
categorical__diag_3_49,0.0
categorical__diag_3_487,0.0
categorical__diag_3_486,0.0
categorical__diag_3_485,0.0
categorical__diag_3_482,0.0
categorical__diag_3_481,0.0
categorical__diag_3_480,0.0
categorical__diag_3_478,0.0
categorical__diag_3_477,0.0
categorical__diag_3_475,0.0
categorical__diag_3_473,0.0
categorical__diag_3_472,0.0
categorical__diag_3_519,0.0
categorical__race_Hispanic,0.0
categorical__diag_3_517,0.0
categorical__diag_3_516,0.0
categorical__diag_3_515,0.0
categorical__diag_3_514,0.0
categorical__diag_3_512,0.0
categorical__diag_3_511,0.0
categorical__diag_3_510,0.0
categorical__diag_3_508,0.0
categorical__diag_3_507,0.0
categorical__diag_3_506,0.0
categorical__diag_3_501,0.0
categorical__diag_3_500,0.0
categorical__diag_3_5,0.0
categorical__race_Asian,0.0
categorical__diag_3_538,0.0
categorical__diag_3_537,0.0
categorical__diag_3_535,0.0
categorical__diag_3_534,0.0
categorical__diag_3_533,0.0
categorical__diag_3_532,0.0
categorical__diag_3_531,0.0
categorical__glipizide-metformin_Steady,0.0
categorical__diag_3_53,0.0
categorical__diag_3_529,0.0
categorical__diag_3_528,0.0
categorical__diag_3_527,0.0
categorical__diag_3_525,0.0
categorical__diag_3_523,0.0
categorical__diag_3_522,0.0
categorical__diag_3_521,0.0
categorical__diag_3_568,0.0
categorical__diag_3_567,0.0
categorical__diag_3_566,0.0
categorical__diag_3_565,0.0
categorical__diag_3_564,0.0
categorical__diag_3_562,0.0
categorical__diag_3_560,0.0
categorical__diag_3_558,0.0
categorical__diag_3_557,0.0
categorical__diag_3_556,0.0
categorical__diag_3_555,0.0
categorical__diag_3_552,0.0
categorical__diag_3_550,0.0
categorical__diag_3_543,0.0
categorical__diag_3_540,0.0
categorical__diag_3_54,0.0
categorical__diag_3_584,0.0
categorical__diag_3_583,0.0
categorical__diag_3_582,0.0
categorical__diag_3_580,0.0
categorical__diag_3_579,0.0
categorical__diag_3_578,0.0
categorical__diag_3_577,0.0
categorical__diag_3_576,0.0
categorical__diag_3_575,0.0
categorical__diag_3_574,0.0
categorical__diag_3_573,0.0
categorical__diag_3_572,0.0
categorical__diag_3_571,0.0
categorical__diag_3_570,0.0
categorical__diag_3_57,0.0
categorical__diag_3_569,0.0
categorical__diag_3_603,0.0
categorical__diag_3_602,0.0
categorical__diag_3_601,0.0
categorical__diag_3_600,0.0
categorical__diag_3_599,0.0
categorical__diag_3_598,0.0
categorical__diag_3_597,0.0
categorical__diag_3_596,0.0
categorical__diag_3_595,0.0
categorical__diag_3_594,0.0
categorical__diag_3_593,0.0
categorical__diag_3_592,0.0
categorical__diag_3_591,0.0
categorical__diag_3_590,0.0
categorical__diag_3_588,0.0
categorical__diag_3_586,0.0
categorical__diag_3_624,0.0
categorical__diag_3_623,0.0
categorical__diag_3_622,0.0
categorical__diag_3_621,0.0
categorical__diag_3_620,0.0
categorical__diag_3_619,0.0
categorical__diag_3_618,0.0
categorical__diag_3_617,0.0
categorical__diag_3_616,0.0
categorical__diag_3_614,0.0
categorical__diag_3_611,0.0
categorical__diag_3_610,0.0
categorical__diag_3_608,0.0
categorical__diag_3_607,0.0
categorical__diag_3_605,0.0
categorical__diag_3_604,0.0
categorical__diag_3_656,0.0
categorical__diag_3_655,0.0
categorical__diag_3_654,0.0
categorical__diag_3_653,0.0
categorical__diag_3_652,0.0
categorical__diag_3_649,0.0
categorical__diag_3_648,0.0
categorical__diag_3_647,0.0
categorical__diag_3_646,0.0
categorical__diag_3_644,0.0
categorical__diag_3_643,0.0
categorical__diag_3_642,0.0
categorical__diag_3_641,0.0
categorical__diag_3_627,0.0
categorical__diag_3_626,0.0
categorical__diag_3_625,0.0
categorical__diag_3_682,0.0
categorical__diag_3_681,0.0
categorical__diag_3_680,0.0
categorical__diag_3_674,0.0
categorical__diag_3_671,0.0
categorical__diag_3_670,0.0
categorical__diag_3_669,0.0
categorical__diag_3_665,0.0
categorical__diag_3_664,0.0
categorical__diag_3_663,0.0
categorical__diag_3_661,0.0
categorical__diag_3_660,0.0
categorical__diag_3_66,0.0
categorical__diag_3_659,0.0
categorical__diag_3_658,0.0
categorical__diag_3_657,0.0
categorical__diag_3_703,0.0
categorical__diag_3_702,0.0
categorical__diag_3_701,0.0
categorical__diag_3_70,0.0
categorical__diag_3_7,0.0
categorical__diag_3_698,0.0
categorical__diag_3_697,0.0
categorical__diag_3_696,0.0
categorical__diag_3_695,0.0
categorical__diag_3_694,0.0
categorical__diag_3_693,0.0
categorical__diag_3_692,0.0
categorical__diag_3_690,0.0
categorical__diag_3_686,0.0
categorical__diag_3_685,0.0
categorical__diag_3_684,0.0
categorical__diag_3_719,0.0
categorical__diag_3_718,0.0
categorical__diag_3_717,0.0
categorical__diag_3_716,0.0
categorical__diag_3_715,0.0
categorical__diag_3_714,0.0
categorical__diag_3_713,0.0
categorical__diag_3_712,0.0
categorical__diag_3_711,0.0
categorical__diag_3_710,0.0
categorical__diag_3_709,0.0
categorical__diag_3_708,0.0
categorical__diag_3_707,0.0
categorical__diag_3_706,0.0
categorical__diag_3_705,0.0
categorical__diag_3_704,0.0
categorical__diag_3_735,0.0
categorical__diag_3_734,0.0
categorical__diag_3_733,0.0
categorical__diag_3_732,0.0
categorical__diag_3_731,0.0
categorical__diag_3_730,0.0
categorical__diag_3_729,0.0
categorical__diag_3_728,0.0
categorical__diag_3_727,0.0
categorical__diag_3_726,0.0
categorical__diag_3_725,0.0
categorical__diag_3_724,0.0
categorical__diag_3_723,0.0
categorical__diag_3_722,0.0
categorical__diag_3_721,0.0
categorical__diag_3_720,0.0
categorical__diag_3_756,0.0
categorical__diag_3_755,0.0
categorical__diag_3_754,0.0
categorical__diag_3_753,0.0
categorical__diag_3_752,0.0
categorical__diag_3_751,0.0
categorical__diag_3_750,0.0
categorical__diag_3_75,0.0
categorical__diag_3_747,0.0
categorical__diag_3_746,0.0
categorical__diag_3_745,0.0
categorical__diag_3_742,0.0
categorical__diag_3_741,0.0
categorical__diag_3_738,0.0
categorical__diag_3_737,0.0
categorical__diag_3_736,0.0
categorical__diag_3_793,0.0
categorical__diag_3_792,0.0
categorical__diag_3_791,0.0
categorical__diag_3_790,0.0
categorical__diag_3_79,0.0
categorical__diag_3_788,0.0
categorical__diag_3_787,0.0
categorical__diag_3_786,0.0
categorical__diag_3_784,0.0
categorical__diag_3_783,0.0
categorical__diag_3_782,0.0
categorical__diag_3_781,0.0
categorical__diag_3_78,0.0
categorical__diag_3_759,0.0
categorical__diag_3_758,0.0
categorical__diag_3_757,0.0
categorical__diag_3_814,0.0
categorical__diag_3_813,0.0
categorical__diag_3_812,0.0
categorical__diag_3_810,0.0
categorical__diag_3_808,0.0
categorical__diag_3_807,0.0
categorical__diag_3_805,0.0
categorical__diag_3_802,0.0
categorical__diag_3_801,0.0
categorical__diag_3_800,0.0
categorical__diag_3_8,0.0
categorical__diag_3_799,0.0
categorical__diag_3_797,0.0
categorical__diag_3_796,0.0
categorical__diag_3_795,0.0
categorical__diag_3_794,0.0
categorical__diag_3_842,0.0
categorical__diag_3_841,0.0
categorical__diag_3_840,0.0
categorical__diag_3_837,0.0
categorical__diag_3_836,0.0
categorical__diag_3_834,0.0
categorical__diag_3_831,0.0
categorical__diag_3_826,0.0
categorical__diag_3_825,0.0
categorical__diag_3_824,0.0
categorical__diag_3_823,0.0
categorical__diag_3_822,0.0
categorical__diag_3_821,0.0
categorical__diag_3_820,0.0
categorical__diag_3_816,0.0
categorical__diag_3_815,0.0
categorical__diag_3_866,0.0
categorical__diag_3_865,0.0
categorical__diag_3_864,0.0
categorical__diag_3_863,0.0
categorical__diag_3_862,0.0
categorical__diag_3_861,0.0
categorical__diag_3_860,0.0
categorical__diag_3_854,0.0
categorical__diag_3_853,0.0
categorical__diag_3_852,0.0
categorical__diag_3_851,0.0
categorical__diag_3_850,0.0
categorical__diag_3_848,0.0
categorical__diag_3_847,0.0
categorical__diag_3_845,0.0
categorical__diag_3_844,0.0
categorical__diag_3_892,0.0
categorical__diag_3_891,0.0
categorical__diag_3_890,0.0
categorical__diag_3_884,0.0
categorical__diag_3_883,0.0
categorical__diag_3_882,0.0
categorical__diag_3_881,0.0
categorical__diag_3_88,0.0
categorical__diag_3_879,0.0
categorical__diag_3_877,0.0
categorical__diag_3_876,0.0
categorical__diag_3_873,0.0
categorical__diag_3_872,0.0
categorical__diag_3_870,0.0
categorical__diag_3_868,0.0
categorical__diag_3_867,0.0
categorical__diag_3_920,0.0
categorical__diag_3_919,0.0
categorical__diag_3_918,0.0
categorical__diag_3_917,0.0
categorical__diag_3_916,0.0
categorical__diag_3_915,0.0
categorical__diag_3_913,0.0
categorical__diag_3_912,0.0
categorical__diag_3_911,0.0
categorical__diag_3_910,0.0
categorical__diag_3_909,0.0
categorical__diag_3_908,0.0
categorical__diag_3_907,0.0
categorical__diag_3_906,0.0
categorical__diag_3_905,0.0
categorical__diag_3_9,0.0
categorical__diag_3_952,0.0
categorical__diag_3_951,0.0
categorical__diag_3_948,0.0
categorical__diag_3_945,0.0
categorical__diag_3_944,0.0
categorical__diag_3_943,0.0
categorical__diag_3_94,0.0
categorical__diag_3_935,0.0
categorical__diag_3_934,0.0
categorical__diag_3_933,0.0
categorical__diag_3_930,0.0
categorical__diag_3_928,0.0
categorical__diag_3_924,0.0
categorical__diag_3_923,0.0
categorical__diag_3_922,0.0
categorical__diag_3_921,0.0
categorical__diag_3_995,0.0
categorical__diag_3_992,0.0
categorical__diag_3_991,0.0
categorical__diag_3_989,0.0
categorical__diag_3_987,0.0
categorical__diag_3_980,0.0
categorical__diag_3_970,0.0
categorical__diag_3_969,0.0
categorical__diag_3_967,0.0
categorical__diag_3_966,0.0
categorical__diag_3_965,0.0
categorical__diag_3_962,0.0
categorical__diag_3_959,0.0
categorical__diag_3_958,0.0
categorical__diag_3_956,0.0
categorical__diag_3_953,0.0
categorical__diag_3_E852,0.0
categorical__diag_3_E850,0.0
categorical__diag_3_E849,0.0
categorical__diag_3_E828,0.0
categorical__diag_3_E826,0.0
categorical__diag_3_E822,0.0
categorical__diag_3_E819,0.0
categorical__diag_3_E818,0.0
categorical__diag_3_E817,0.0
categorical__diag_3_E816,0.0
categorical__diag_3_E813,0.0
categorical__diag_3_E812,0.0
categorical__diag_3_999,0.0
categorical__diag_3_998,0.0
categorical__diag_3_997,0.0
categorical__diag_3_996,0.0
categorical__diag_3_E885,0.0
categorical__diag_3_E884,0.0
categorical__diag_3_E883,0.0
categorical__diag_3_E882,0.0
categorical__diag_3_E881,0.0
categorical__diag_3_E880,0.0
categorical__diag_3_E879,0.0
categorical__diag_3_E878,0.0
categorical__diag_3_E876,0.0
categorical__diag_3_E870,0.0
categorical__diag_3_E865,0.0
categorical__diag_3_E864,0.0
categorical__diag_3_E861,0.0
categorical__diag_3_E858,0.0
categorical__diag_3_E855,0.0
categorical__diag_3_E854,0.0
categorical__diag_3_E924,0.0
categorical__diag_3_E922,0.0
categorical__diag_3_E920,0.0
categorical__diag_3_E919,0.0
categorical__diag_3_E917,0.0
categorical__diag_3_E916,0.0
categorical__diag_3_E915,0.0
categorical__diag_3_E906,0.0
categorical__diag_3_E905,0.0
categorical__diag_3_E904,0.0
categorical__diag_3_E901,0.0
categorical__diag_3_E900,0.0
categorical__diag_3_E894,0.0
categorical__diag_3_E888,0.0
categorical__diag_3_E887,0.0
categorical__diag_3_E886,0.0
categorical__diag_3_E943,0.0
categorical__diag_3_E942,0.0
categorical__diag_3_E941,0.0
categorical__diag_3_E939,0.0
categorical__diag_3_E938,0.0
categorical__diag_3_E937,0.0
categorical__diag_3_E936,0.0
categorical__diag_3_E935,0.0
categorical__diag_3_E934,0.0
categorical__diag_3_E933,0.0
categorical__diag_3_E932,0.0
categorical__diag_3_E931,0.0
categorical__diag_3_E930,0.0
categorical__diag_3_E929,0.0
categorical__diag_3_E928,0.0
categorical__diag_3_E927,0.0
categorical__diag_3_V06,0.0
categorical__diag_3_V03,0.0
categorical__diag_3_V02,0.0
categorical__diag_3_V01,0.0
categorical__diag_3_E987,0.0
categorical__diag_3_E980,0.0
categorical__diag_3_E966,0.0
categorical__diag_3_E965,0.0
categorical__diag_3_E956,0.0
categorical__diag_3_E955,0.0
categorical__diag_3_E950,0.0
categorical__diag_3_E949,0.0
categorical__diag_3_E947,0.0
categorical__diag_3_E946,0.0
categorical__diag_3_E945,0.0
categorical__diag_3_E944,0.0
categorical__medical_specialty_Endocrinology-Metabolism,0.0
categorical__medical_specialty_Endocrinology,0.0
categorical__medical_specialty_Dentistry,0.0
categorical__medical_specialty_DCPTEAM,0.0
categorical__medical_specialty_Cardiology-Pediatric,0.0
categorical__diag_1_207,0.0
categorical__medical_specialty_Anesthesiology-Pediatric,0.0
categorical__medical_specialty_Anesthesiology,0.0
categorical__medical_specialty_AllergyandImmunology,0.0
categorical__diag_1_205,0.0
categorical__diag_1_203,0.0
categorical__payer_code_SI,0.0
categorical__diag_1_202,0.0
categorical__diag_3_V09,0.0
categorical__diag_3_V08,0.0
categorical__diag_3_V07,0.0
categorical__diag_3_V46,0.0
categorical__diag_1_201,0.0
categorical__diag_3_V44,0.0
categorical__diag_3_V43,0.0
categorical__diag_3_V42,0.0
categorical__diag_3_V27,0.0
categorical__diag_3_V25,0.0
categorical__diag_3_V23,0.0
categorical__diag_3_V22,0.0
categorical__diag_3_V18,0.0
categorical__diag_3_V17,0.0
categorical__diag_3_V16,0.0
categorical__diag_3_V15,0.0
categorical__diag_3_V14,0.0
categorical__diag_3_V13,0.0
categorical__diag_3_V11,0.0
categorical__diag_3_V86,0.0
categorical__diag_3_V85,0.0
categorical__diag_3_V72,0.0
categorical__diag_3_V70,0.0
categorical__diag_3_V66,0.0
categorical__diag_3_V65,0.0
categorical__diag_3_V63,0.0
categorical__diag_3_V62,0.0
categorical__diag_3_V61,0.0
categorical__diag_3_V60,0.0
categorical__diag_3_V58,0.0
categorical__diag_3_V57,0.0
categorical__diag_3_V55,0.0
categorical__diag_3_V54,0.0
categorical__diag_3_V53,0.0
categorical__diag_3_V49,0.0
categorical__chlorpropamide_Down,0.0
categorical__nateglinide_Up,0.0
categorical__nateglinide_Steady,0.0
categorical__nateglinide_No,0.0
categorical__nateglinide_Down,0.0
categorical__repaglinide_Up,0.0
categorical__repaglinide_No,0.0
categorical__repaglinide_Down,0.0
categorical__diag_1_200,0.0
categorical__metformin_Down,0.0
categorical__diag_1_199,0.0
categorical__diag_1_198,0.0
categorical__A1Cresult_>7,0.0
categorical__max_glu_serum_Norm,0.0
categorical__max_glu_serum_>300,0.0
categorical__max_glu_serum_>200,0.0
categorical__diag_1_197,0.0
categorical__pioglitazone_Down,0.0
categorical__tolbutamide_Steady,0.0
categorical__tolbutamide_No,0.0
categorical__glyburide_Up,0.0
categorical__glyburide_Down,0.0
categorical__change_No,0.0
categorical__metformin-pioglitazone_Steady,0.0
categorical__glipizide_Down,0.0
categorical__acetohexamide_No,0.0
categorical__glimepiride_Up,0.0
categorical__metformin-pioglitazone_No,0.0
categorical__metformin-rosiglitazone_Steady,0.0
categorical__chlorpropamide_Up,0.0
categorical__chlorpropamide_Steady,0.0
categorical__chlorpropamide_No,0.0
categorical__metformin-rosiglitazone_No,0.0
categorical__glimepiride-pioglitazone_Steady,0.0
categorical__glimepiride-pioglitazone_No,0.0
categorical__diag_1_229,0.0
categorical__payer_code_FR,0.0
categorical__payer_code_DM,0.0
categorical__diag_1_228,0.0
categorical__payer_code_CH,0.0
categorical__diag_1_227,0.0
categorical__diag_1_226,0.0
categorical__acarbose_Down,0.0
categorical__rosiglitazone_Up,0.0
categorical__diag_1_225,0.0
categorical__diag_1_223,0.0
categorical__rosiglitazone_Down,0.0
categorical__payer_code_MP,0.0
categorical__payer_code_OG,0.0
categorical__diag_1_220,0.0
categorical__citoglipton_No,0.0
categorical__examide_No,0.0
categorical__tolazamide_Up,0.0
categorical__tolazamide_Steady,0.0
categorical__tolazamide_No,0.0
categorical__troglitazone_No,0.0
categorical__miglitol_Up,0.0
categorical__miglitol_Steady,0.0
categorical__miglitol_No,0.0
categorical__miglitol_Down,0.0
categorical__acarbose_Up,0.0
categorical__acarbose_Steady,0.0
categorical__acarbose_No,0.0
categorical__diabetesMed_Yes,0.0
